{"data":[{"id":"I_kwDOCGgbpc5CZm4O","closed":false,"title":"Feature request on more tunneling options","createdAt":"2022-01-25T15:10:44Z","url":"https://github.com/thewhiteh4t/seeker/issues/340","number":340,"assignees":{"nodes":[]},"repository":{"name":"seeker","url":"https://github.com/thewhiteh4t/seeker","owner":{"login":"thewhiteh4t","avatarUrl":"https://avatars.githubusercontent.com/u/36354846?u=99d06a9237c301569774dac1c70218d5c032773a&v=4","url":"https://github.com/thewhiteh4t"}}},{"id":"I_kwDODVlESM4_eOR9","closed":true,"title":"Facebook Page Fixed","createdAt":"2021-11-27T02:51:40Z","url":"https://github.com/htr-tech/zphisher/issues/366","number":366,"assignees":{"nodes":[]},"repository":{"name":"zphisher","url":"https://github.com/htr-tech/zphisher","owner":{"login":"htr-tech","avatarUrl":"https://avatars.githubusercontent.com/u/56682134?u=2198891881da363dac2e6ce8aed97b3a85cb9257&v=4","url":"https://github.com/htr-tech"}}},{"id":"I_kwDOEUHIzs4-vgqD","closed":false,"title":"Add Fork trophy","createdAt":"2021-11-13T09:44:52Z","url":"https://github.com/ryo-ma/github-profile-trophy/issues/100","number":100,"assignees":{"nodes":[]},"repository":{"name":"github-profile-trophy","url":"https://github.com/ryo-ma/github-profile-trophy","owner":{"login":"ryo-ma","avatarUrl":"https://avatars.githubusercontent.com/u/6661165?u=dae26e50e14bfafe264f08aace7a1aec186802eb&v=4","url":"https://github.com/ryo-ma"}}},{"id":"I_kwDODqGIis49TnSv","closed":true,"title":"Page 'open source' keeps zooming which cann't be zoomed out","createdAt":"2021-10-18T02:26:21Z","url":"https://github.com/ashutosh1919/masterPortfolio/issues/163","number":163,"assignees":{"nodes":[]},"repository":{"name":"masterPortfolio","url":"https://github.com/ashutosh1919/masterPortfolio","owner":{"login":"ashutosh1919","avatarUrl":"https://avatars.githubusercontent.com/u/20843596?u=6deb5872cde2e3ab5bf5d48ece503bc8b5b0bcf6&v=4","url":"https://github.com/ashutosh1919"}}},{"id":"I_kwDOC5OB1M49KPz0","closed":false,"title":"2 warnings generated","createdAt":"2021-10-14T08:12:02Z","url":"https://github.com/cobiwave/simplefolio/issues/133","number":133,"assignees":{"nodes":[]},"repository":{"name":"simplefolio","url":"https://github.com/cobiwave/simplefolio","owner":{"login":"cobiwave","avatarUrl":"https://avatars.githubusercontent.com/u/35739742?u=482b39ff7e32cbd71929743b45821bcab5e76cea&v=4","url":"https://github.com/cobiwave"}}},{"id":"MDU6SXNzdWU5ODQ1NDM4MzY=","closed":true,"title":"Ngrok Tunnel not found(fix)","createdAt":"2021-09-01T02:48:51Z","url":"https://github.com/KasRoudra/PyPhisher/issues/1","number":1,"assignees":{"nodes":[]},"repository":{"name":"PyPhisher","url":"https://github.com/KasRoudra/PyPhisher","owner":{"login":"KasRoudra","avatarUrl":"https://avatars.githubusercontent.com/u/78908440?u=aa3cf65f60b602b8644f6740418c8fffa54ca3c1&v=4","url":"https://github.com/KasRoudra"}}},{"id":"MDU6SXNzdWU5NzY1OTI4OTA=","closed":true,"title":"Ngrok issue(Solution)","createdAt":"2021-08-23T03:46:08Z","url":"https://github.com/htr-tech/zphisher/issues/276","number":276,"assignees":{"nodes":[]},"repository":{"name":"zphisher","url":"https://github.com/htr-tech/zphisher","owner":{"login":"htr-tech","avatarUrl":"https://avatars.githubusercontent.com/u/56682134?u=2198891881da363dac2e6ce8aed97b3a85cb9257&v=4","url":"https://github.com/htr-tech"}}},{"id":"MDU6SXNzdWU5NDU4ODQ1ODg=","closed":false,"title":"Login Page Error (Solved)","createdAt":"2021-07-16T02:19:20Z","url":"https://github.com/KasRoudra/messengerdesktop/issues/1","number":1,"assignees":{"nodes":[]},"repository":{"name":"messengerdesktop","url":"https://github.com/KasRoudra/messengerdesktop","owner":{"login":"KasRoudra","avatarUrl":"https://avatars.githubusercontent.com/u/78908440?u=aa3cf65f60b602b8644f6740418c8fffa54ca3c1&v=4","url":"https://github.com/KasRoudra"}}}],"open":4,"closed":4,"totalCount":8}